{
  "generatedAt": "2026-03-27T19:58:24.019Z",
  "thresholdsMs": {
    "normalizeP95": 30,
    "lineP95": 100,
    "barP95": 90,
    "pieP95": 170,
    "totalP95": 320
  },
  "summary": {
    "sampleSize": 5000,
    "runs": 8,
    "normalizeP95": 0.12,
    "lineP95": 1.13,
    "barP95": 0.91,
    "pieP95": 4,
    "totalP95": 5.41
  },
  "rawRunsMs": {
    "normalize": [
      0.12220000000002074,
      0.09919999999999618,
      0.09379999999998745,
      0.11430000000001428,
      0.10030000000000427,
      0.09309999999999263,
      0.11439999999998918,
      0.11060000000003356
    ],
    "line": [
      1.0129999999999768,
      0.724399999999946,
      0.6524000000000001,
      0.8634999999999877,
      0.7601000000000226,
      1.1297999999999888,
      0.825300000000027,
      0.7357999999999834
    ],
    "bar": [
      0.4881000000000313,
      0.4519999999999982,
      0.401299999999992,
      0.9073999999999955,
      0.47059999999999036,
      0.45400000000000773,
      0.4743000000000279,
      0.4899000000000342
    ],
    "pie": [
      2.9815999999999576,
      3.4687999999999874,
      3.870999999999981,
      2.7475000000000023,
      2.942200000000014,
      2.921100000000024,
      3.996399999999994,
      2.816600000000051
    ],
    "total": [
      4.6188999999999965,
      4.746600000000001,
      5.019999999999982,
      4.633999999999958,
      4.2742000000000075,
      4.599100000000021,
      5.412599999999998,
      4.154299999999978
    ]
  }
}
